"AccNo","A","R","N","D","C","E","Q","G","H","I","L","K","M","F","P","S","T","W","Y","V"
"TSAJ990101",89.3,190.3,122.4,114.4,102.5,138.8,146.9,63.8,157.5,163,163.1,165.1,165.8,190.8,121.6,94.2,119.6,226.4,194.6,138.2
"MAXF760101",1.43,1.18,0.64,0.92,0.94,1.67,1.22,0.46,0.98,1.04,1.36,1.27,1.53,1.19,0.49,0.7,0.78,1.01,0.69,0.98
"NAKH920108",9.36,0.27,2.31,0.94,2.56,0.94,1.14,6.17,0.47,13.73,16.64,0.58,3.93,10.99,1.96,5.58,4.68,2.2,3.13,12.43
"BLAM930101",0.96,0.77,0.39,0.42,0.42,0.53,0.8,0,0.57,0.84,0.92,0.73,0.86,0.59,-2.5,0.53,0.54,0.58,0.72,0.63
"BIOV880101",16,-70,-74,-78,168,-106,-73,-13,50,151,145,-141,124,189,-20,-70,-38,145,53,123
"CEDJ970104",7.9,4.9,4,5.5,1.9,7.1,4.4,7.1,2.1,5.2,8.6,6.7,2.4,3.9,5.3,6.6,5.3,1.2,3.1,6.8
"NOZY710101",0.5,0,0,0,0,0,0,0,0.5,1.8,1.8,0,1.3,2.5,0,0,0.4,3.4,2.3,1.5
"KLEP840101",0,1,0,-1,0,-1,0,0,0,0,0,1,0,0,0,0,0,0,0,0
"NAKH900109",9.25,3.96,3.71,3.89,1.07,4.8,3.17,8.51,1.88,6.47,10.94,3.5,3.14,6.36,4.36,6.26,5.66,2.22,3.28,7.55
"LIFS790101",0.92,0.93,0.6,0.48,1.16,0.61,0.95,0.61,0.93,1.81,1.3,0.7,1.19,1.25,0.4,0.82,1.12,1.54,1.53,1.81
"HUTJ700103",154.33,341.01,207.9,194.91,219.79,223.16,235.51,127.9,242.54,233.21,232.3,300.46,202.65,204.74,179.93,174.06,205.8,237.01,229.15,207.6
"MIYS990104",-0.04,0.07,0.13,0.19,-0.38,0.23,0.14,0.09,-0.04,-0.34,-0.37,0.33,-0.3,-0.38,0.19,0.12,0.03,-0.33,-0.29,-0.29